schoolName,School City,Business Name,Business Address,Business Phone,Business Rating,Distance from School
Point Dume Elementary School,Malibu,Thornhill Broome Beach,9000 Pacific Coast Hightway,18188800350,4.0,437.42776643142600
Point Dume Elementary School,Malibu,Point Dume State Beach,7103 Westward Beach Rd,18054881827,4.5,1335.3581037543300
Point Dume Elementary School,Malibu,Nicholas Canyon Beach,7103 Westward Rd,,3.5,1181.1363327401400
Point Dume Elementary School,Malibu,Westward Beach,Westward Beach Rd,,4.5,1280.1374440343600
Point Dume Elementary School,Malibu,Paradise Cove Beach,28128 Pacific Coast Hwy,13104572503,3.0,1551.3904422621100
Point Dume Elementary School,Malibu,The Booth & Bus Co,4262 Lindblade Dr,14242721680,5.0,35077.12337671950
Point Dume Elementary School,Malibu,Star Helicopters,3670 W 120th St,13103551959,5.0,44039.58939496900
Point Dume Elementary School,Malibu,Allegro Event,2355 E Foothill Blvd,16265518533,5.0,66294.82167355580
Point Dume Elementary School,Malibu,Meathead Movers,1401 Maulhardt Ave,18059877201,4.0,38744.56656096320
Juan Cabrillo Elementary School,Malibu,Broad Beach,Broadbeach Rd,,4.0,1545.0201945471900
Juan Cabrillo Elementary School,Malibu,Zuma Beach ,30000 Pacific Coast Hwy,,4.5,1259.2291029448100
Juan Cabrillo Elementary School,Malibu,Aloha Beach Camp,30100 Pacific Coast Hwy,18189324600,5.0,379.7077008384750
Juan Cabrillo Elementary School,Malibu,Malibu Makos Surf Camp,30600 Pacific Coast Hwy,13103171229,5.0,1140.8833414813900
Malibu Middle,Malibu,Broad Beach,Broadbeach Rd,,4.0,1545.0201945471900
Malibu Middle,Malibu,Zuma Beach ,30000 Pacific Coast Hwy,,4.5,1259.2291029448100
Malibu Middle,Malibu,Aloha Beach Camp,30100 Pacific Coast Hwy,18189324600,5.0,379.7077008384750
Malibu Middle,Malibu,Malibu Makos Surf Camp,30600 Pacific Coast Hwy,13103171229,5.0,1140.8833414813900
St. Aidan's School,Malibu,Escondido Canyon Park,27200 Winding Way,13105893200,4.0,1819.6457087364900
St. Aidan's School,Malibu,Thornhill Broome Beach,9000 Pacific Coast Hightway,18188800350,4.0,1870.367505238940
St. Aidan's School,Malibu,Enjoy The Mountain,8605 Santa Monica Blvd,18443866691,4.0,38342.549501883400
St. Aidan's School,Malibu,Long Beach Waterbikes,164 N Marina Dr,15625462493,4.5,69369.99642542830
St. Aidan's School,Malibu,Malibu Lagoon,,,5.0,824.8458167764870
St. Aidan's School,Malibu,Paradise Cove Beach,28128 Pacific Coast Hwy,13104572503,3.0,420.1080022759020
St. Aidan's School,Malibu,Enjoy The Mountain,1 Garden St,18443866691,4.5,93351.12559369750
St. Aidan's School,Malibu,Santa Barbara Beach Horseback Rides,,18056885984,4.5,85631.82610730820
St. Aidan's School,Malibu,Sail Channel Islands,3150 S Harbor Blvd,18057507828,5.0,43734.11715970210
St. Aidan's School,Malibu,Wild Desert Tours,13735 Shadow Mountain Rd,17604759358,5.0,152582.68955526800
St. Aidan's School,Malibu,Old Plank Sailing Adventures,13715 Fiji Way,18186440081,5.0,32001.577989189700
St. Aidan's School,Malibu,Rock N Rope Adventures,,13109754049,5.0,1457.211200065100
St. Aidan's School,Malibu,Bella Boating,13701 Fiji Way,13104221114,5.0,32004.379967460000
St. Aidan's School,Malibu,The Maimon Group,640 S San Vicente Blvd,18446480331,4.5,38606.00778876360
St. Aidan's School,Malibu,Malibu Mountain Bikers,,18056602715,5.0,13756.403295896500
St. Aidan's School,Malibu,Malibu Wine and Nature Tours,,13104567651,5.0,32691.75599781800
St. Aidan's School,Malibu,VOX DJs,2988 Columbia St,13103722222,5.0,45994.0272603082
St. Aidan's School,Malibu,"Jason Abaka, DPT",,13102288251,5.0,824.8458167764870
St. Aidan's School,Malibu,Marina Del Rey Boat Rentals,13717 Fiji Way,13103064444,3.0,32008.388871161000
St. Aidan's School,Malibu,Pali Adventures,30778 Hwy 18,19098675743,4.0,154002.7741019370
St Aidans School,Malibu,Escondido Canyon Park,27200 Winding Way,13105893200,4.0,1818.9326256885700
St Aidans School,Malibu,Thornhill Broome Beach,9000 Pacific Coast Hightway,18188800350,4.0,1871.0559095599000
St Aidans School,Malibu,Enjoy The Mountain,8605 Santa Monica Blvd,18443866691,4.0,38342.29914562300
St Aidans School,Malibu,Long Beach Waterbikes,164 N Marina Dr,15625462493,4.5,69370.58423798430
St Aidans School,Malibu,Malibu Lagoon,,,5.0,824.5124532325210
St Aidans School,Malibu,Paradise Cove Beach,28128 Pacific Coast Hwy,13104572503,3.0,421.4350330483260
St Aidans School,Malibu,Enjoy The Mountain,1 Garden St,18443866691,4.5,93350.50010436270
St Aidans School,Malibu,Santa Barbara Beach Horseback Rides,,18056885984,4.5,85631.12086155460
St Aidans School,Malibu,Sail Channel Islands,3150 S Harbor Blvd,18057507828,5.0,43733.61803460360
St Aidans School,Malibu,Wild Desert Tours,13735 Shadow Mountain Rd,17604759358,5.0,152581.99373906000
St Aidans School,Malibu,Old Plank Sailing Adventures,13715 Fiji Way,18186440081,5.0,32001.807224334200
St Aidans School,Malibu,Rock N Rope Adventures,,13109754049,5.0,1455.9193217134100
St Aidans School,Malibu,Bella Boating,13701 Fiji Way,13104221114,5.0,32004.6103381006
St Aidans School,Malibu,The Maimon Group,640 S San Vicente Blvd,18446480331,4.5,38605.84601674770
St Aidans School,Malibu,Malibu Mountain Bikers,,18056602715,5.0,13755.085948947200
St Aidans School,Malibu,Malibu Wine and Nature Tours,,13104567651,5.0,32691.57637940910
St Aidans School,Malibu,VOX DJs,2988 Columbia St,13103722222,5.0,45994.60554904540
St Aidans School,Malibu,"Jason Abaka, DPT",,13102288251,5.0,824.5124532325210
St Aidans School,Malibu,Marina Del Rey Boat Rentals,13717 Fiji Way,13103064444,3.0,32008.62151196660
St Aidans School,Malibu,Pali Adventures,30778 Hwy 18,19098675743,4.0,154002.56923673100
Moreau Academy,Malibu,Broad Beach,Broadbeach Rd,,4.0,1569.6204923559200
Moreau Academy,Malibu,Lechuza Beach,Broad Beach Rd,,4.0,1648.9505742416100
Mckinna Learning Center,Malibu,Pali Adventures,30778 Hwy 18,19098675743,4.0,157800.24147491000
Mckinna Learning Center,Malibu,Happy Swimmers Mobile Swim School,,18185304117,4.5,33309.93473484130
Our Lady Of Malibu,Malibu,Malibu Bluffs Park,24250 Pacific Coast Hwy,13103171364,4.5,627.8473325857730
Our Lady Of Malibu,Malibu,Alumni Park,Banowsky Blvd,,4.0,717.5119705357740
Our Lady Of Malibu,Malibu,Legacy Park,23500 Civic Ctr Way,13103171364,3.5,1107.0504561737500
Our Lady Of Malibu,Malibu,Spartan Race,,,2.0,730.9751247901020
Our Lady Of Malibu,Malibu,Heaven's Best Carpet Cleaning,23852 Pacific Coast Hwy,13109244097,4.5,623.008728401774
Our Lady Of Malibu,Malibu,Malibu Jewish Center & Synagogue,24855 Pacific Coast Hwy,13104562178,4.5,1535.1451838591000
Our Lady Of Malibu,Malibu,Scott Wong Volleyball Camp,24255 Pacific Coast Hwy,13105064365,3.0,545.9688948905580
Our Lady Of Malibu,Malibu,Pepperdine Waves Baseball,24255 Pacific Coast Hwy,13105064150,5.0,1020.7067549289400
Webster Elementary School,Malibu,Malibu Bluffs Park,24250 Pacific Coast Hwy,13103171364,4.5,716.1296209120620
Webster Elementary School,Malibu,Alumni Park,Banowsky Blvd,,4.0,829.6892036485370
Webster Elementary School,Malibu,Legacy Park,23500 Civic Ctr Way,13103171364,3.5,1005.8111741792900
Webster Elementary School,Malibu,Spartan Race,,,2.0,809.7450513585340
Webster Elementary School,Malibu,Heaven's Best Carpet Cleaning,23852 Pacific Coast Hwy,13109244097,4.5,561.5372356246320
Webster Elementary School,Malibu,Malibu Jewish Center & Synagogue,24855 Pacific Coast Hwy,13104562178,4.5,1647.8955834748000
Webster Elementary School,Malibu,Scott Wong Volleyball Camp,24255 Pacific Coast Hwy,13105064365,3.0,653.9768452820570
Webster Elementary School,Malibu,Pepperdine Waves Baseball,24255 Pacific Coast Hwy,13105064150,5.0,1124.1502875873400
Moreau Academy,Malibu,Legacy Park,23500 Civic Ctr Way,13103171364,3.5,566.3533557865360
Moreau Academy,Malibu,Malibu Lagoon State Beach,23200 Pacific Coast Hwy & Cross Creek Rd,18188800363,4.0,1288.8491420088300
Moreau Academy,Malibu,Malibu Bluffs Park,24250 Pacific Coast Hwy,13103171364,4.5,904.1672815045880
Moreau Academy,Malibu,Alumni Park,Banowsky Blvd,,4.0,1206.5361273802000
Moreau Academy,Malibu,Malibu Surfrider Beach,23200 Pacific Coast Hwy,,4.5,1431.382420030800
Moreau Academy,Malibu,Heaven's Best Carpet Cleaning,23852 Pacific Coast Hwy,13109244097,4.5,56.43886003241320
Moreau Academy,Malibu,Spartan Race,,,2.0,914.388191959492
Moreau Academy,Malibu,Scott Wong Volleyball Camp,24255 Pacific Coast Hwy,13105064365,3.0,1167.3274053142500
Moreau Academy,Malibu,Pepperdine Waves Baseball,24255 Pacific Coast Hwy,13105064150,5.0,1647.8824335998200
Ilan Ramon Day School,Agoura Hills,Malibu Riders,,18185102245,5.0,30547.58772303720
Ilan Ramon Day School,Agoura Hills,Paramount Ranch Trail Half Marathon & 10K,Paramount Ranch Rd,,5.0,470.7924411223860
Ilan Ramon Day School,Agoura Hills,Happy Swimmers Mobile Swim School,,18185304117,4.5,24591.426662838600
Ilan Ramon Day School,Agoura Hills,Camp Calabasas,3701 Lost Hills Rd,18184479469,4.5,7632.184642977880
Montessori School Of Agoura,Agoura Hills,Malibu Riders,,18185102245,5.0,30547.58772303720
Montessori School Of Agoura,Agoura Hills,Paramount Ranch Trail Half Marathon & 10K,Paramount Ranch Rd,,5.0,470.7924411223860
Montessori School Of Agoura,Agoura Hills,Happy Swimmers Mobile Swim School,,18185304117,4.5,24591.426662838600
Montessori School Of Agoura,Agoura Hills,Camp Calabasas,3701 Lost Hills Rd,18184479469,4.5,7632.184642977880
Calmont,Calabasas,King Gillette Ranch,26800 Mulholland Hwy,18188780866,4.0,1031.9753600401900
Calmont,Calabasas,Nights of the Jack,26800 Mulholland Hwy,,3.0,1056.1172114691200
Calmont,Calabasas,Santa Monica Mountains National Recreation Area,26876 Mulholland Hwy,18053702301,4.5,845.1800180680500
MUSE School CA,Calabasas,King Gillette Ranch,26800 Mulholland Hwy,18188780866,4.0,1367.1104161490200
MUSE School CA,Calabasas,Nights of the Jack,26800 Mulholland Hwy,,3.0,1388.1913115781900
MUSE School CA,Calabasas,Santa Monica Mountains National Recreation Area,26876 Mulholland Hwy,18053702301,4.5,1133.0160990958500
Carpe Diem Academy,Agoura,Malibu Riders,,18185102245,5.0,31075.61324619580
Carpe Diem Academy,Agoura,Born Learners School,28348 Agoura Rd,18189917752,4.5,1714.5267883077300
Carpe Diem Academy,Agoura,Paramount Ranch Trail Half Marathon & 10K,Paramount Ranch Rd,,5.0,1265.8675340360500
Carpe Diem Academy,Agoura,Buzz's Adventure Tours,,18187076907,5.0,1917.3615953448600
Carpe Diem Academy,Agoura,Happy Swimmers Mobile Swim School,,18185304117,4.5,24395.477830351000
Carpe Diem Academy,Agoura,Camp Calabasas,3701 Lost Hills Rd,18184479469,4.5,6554.301989627750
Saint Jude The Apostle,Westlake Village,Bernice Bennett  Park,31800 Village Center Rd,,4.5,1067.9201875909300
Saint Jude The Apostle,Westlake Village,The Growing Place Preschool,1049 S Westlake Blvd,18054977064,4.5,1775.2920694991400
Saint Jude The Apostle,Westlake Village,little fox yoga,31838 Village Ctr Rd,,5.0,1014.290942324680
Saint Jude The Apostle,Westlake Village,Malibu Riders,,18185102245,5.0,37105.15432830090
Saint Jude The Apostle,Westlake Village,Westlake Village Dog Park,31200 Oak Crest Drive,18187061613,4.0,1605.1420261444700
Saint Jude The Apostle,Westlake Village,ISR Wendy Kegley,,18053410455,4.5,124.4851329254910
Saint Jude The Apostle,Westlake Village,Four Seasons Hotel,2 Dole Dr,18185753000,4.0,2077.186002430430
Saint Jude The Apostle,Westlake Village,Mommy and me Thousand Oaks with Ms. Olivia,1489 E Thousand Oaks Blvd,18052679115,5.0,5453.339006968680
Saint Jude The Apostle,Westlake Village,Malibu Mountain Bikers,,18056602715,5.0,1147.8260941632900
Saint Jude The Apostle,Westlake Village,CastleCleaners,807 Via Colinas,18664789783,4.5,2414.100505295320
Saint Jude The Apostle,Westlake Village,Reptile Family,,18054051044,5.0,44727.98509815340
Saint Jude The Apostle,Westlake Village,SB Buggie,120 E Yanonali St,18057556778,5.0,85610.89519117760
Saint Jude The Apostle,Westlake Village,Wild Desert Tours,13735 Shadow Mountain Rd,17604759358,5.0,148974.10342119100
Saint Jude The Apostle,Westlake Village,Enjoy The Mountain,1 Garden St,18443866691,4.5,85370.93723317110
Saint Jude The Apostle,Westlake Village,Gomez Family Child Care,22246 Roscoe Blvd,17478952060,5.0,21171.260895823200
Saint Jude The Apostle,Westlake Village,Camp Calabasas,3701 Lost Hills Rd,18184479469,4.5,11630.59664299770
Saint Jude The Apostle,Westlake Village,Bee Kind Child Daycare,,18057967401,5.0,8680.20376444239
Saint Jude The Apostle,Westlake Village,Sail Channel Islands,3150 S Harbor Blvd,18057507828,5.0,37800.61090778580
Saint Jude The Apostle,Westlake Village,Signet Tours 超值旅遊,1170 Durfee Ave,18773078615,4.5,72659.46121592000
Saint Jude The Apostle,Westlake Village,Long Beach Waterbikes,164 N Marina Dr,15625462493,4.5,78260.33262118760
St Jude the Apostle School,Westlake Village,Bernice Bennett  Park,31800 Village Center Rd,,4.5,1071.1078784414500
St Jude the Apostle School,Westlake Village,The Growing Place Preschool,1049 S Westlake Blvd,18054977064,4.5,1745.0329529571500
St Jude the Apostle School,Westlake Village,little fox yoga,31838 Village Ctr Rd,,5.0,1014.8790015746900
St Jude the Apostle School,Westlake Village,Malibu Riders,,18185102245,5.0,37137.8697525096
St Jude the Apostle School,Westlake Village,Westlake Village Dog Park,31200 Oak Crest Drive,18187061613,4.0,1622.7482112676800
St Jude the Apostle School,Westlake Village,ISR Wendy Kegley,,18053410455,4.5,123.66081236714600
St Jude the Apostle School,Westlake Village,Four Seasons Hotel,2 Dole Dr,18185753000,4.0,2084.271158084210
St Jude the Apostle School,Westlake Village,Mommy and me Thousand Oaks with Ms. Olivia,1489 E Thousand Oaks Blvd,18052679115,5.0,5421.891900267890
St Jude the Apostle School,Westlake Village,Malibu Mountain Bikers,,18056602715,5.0,1153.202485155360
St Jude the Apostle School,Westlake Village,CastleCleaners,807 Via Colinas,18664789783,4.5,2420.394704850840
St Jude the Apostle School,Westlake Village,Reptile Family,,18054051044,5.0,44694.643808700100
St Jude the Apostle School,Westlake Village,SB Buggie,120 E Yanonali St,18057556778,5.0,85577.42738402180
St Jude the Apostle School,Westlake Village,Wild Desert Tours,13735 Shadow Mountain Rd,17604759358,5.0,148991.65529728500
St Jude the Apostle School,Westlake Village,Enjoy The Mountain,1 Garden St,18443866691,4.5,85337.4730654767
St Jude the Apostle School,Westlake Village,Gomez Family Child Care,22246 Roscoe Blvd,17478952060,5.0,21189.55255232710
St Jude the Apostle School,Westlake Village,Bee Kind Child Daycare,,18057967401,5.0,8648.805400725540
St Jude the Apostle School,Westlake Village,Camp Calabasas,3701 Lost Hills Rd,18184479469,4.5,11654.430854197200
St Jude the Apostle School,Westlake Village,Sail Channel Islands,3150 S Harbor Blvd,18057507828,5.0,37770.185750313900
St Jude the Apostle School,Westlake Village,Signet Tours 超值旅遊,1170 Durfee Ave,18773078615,4.5,72690.73065950220
St Jude the Apostle School,Westlake Village,Long Beach Waterbikes,164 N Marina Dr,15625462493,4.5,78294.418638153
White Oak Elementary School,Westlake Village,Bernice Bennett  Park,31800 Village Center Rd,,4.5,215.37731521013600
White Oak Elementary School,Westlake Village,Westlake Village Dog Park,31200 Oak Crest Drive,18187061613,4.0,777.8646636021750
White Oak Elementary School,Westlake Village,little fox yoga,31838 Village Ctr Rd,,5.0,244.2443200155020
White Oak Elementary School,Westlake Village,The Growing Place Preschool,1049 S Westlake Blvd,18054977064,4.5,1793.1373203502300
White Oak Elementary School,Westlake Village,Malibu Riders,,18185102245,5.0,36659.09284891130
White Oak Elementary School,Westlake Village,Four Seasons Hotel,2 Dole Dr,18185753000,4.0,1160.881595170320
White Oak Elementary School,Westlake Village,101 Escape Rooms,31139 Via Colinas,17472227638,5.0,1449.7060135458600
White Oak Elementary School,Westlake Village,Yarrow Family YMCA,31105 Thousand Oaks Blvd,18187079622,3.5,1957.4685042400800
White Oak Elementary School,Westlake Village,Smash RX,28215 Agoura Rd 160,17175276274,4.0,1660.4364245157900
White Oak Elementary School,Westlake Village,Malibu Mountain Bikers,,18056602715,5.0,248.3168667513390
White Oak Elementary School,Westlake Village,Bubblemania and Company,,13104466115,5.0,37683.671594695500
White Oak Elementary School,Westlake Village,CastleCleaners,807 Via Colinas,18664789783,4.5,1499.1559710564200
White Oak Elementary School,Westlake Village,ISR Wendy Kegley,,18053410455,4.5,803.6772493019160
White Oak Elementary School,Westlake Village,Mommy and me Thousand Oaks with Ms. Olivia,1489 E Thousand Oaks Blvd,18052679115,5.0,5381.987277222230
White Oak Elementary School,Westlake Village,Reptile Family,,18054051044,5.0,45129.306207982
White Oak Elementary School,Westlake Village,Old Plank Sailing Adventures,13715 Fiji Way,18186440081,5.0,38703.16526735420
White Oak Elementary School,Westlake Village,Fauves Studio,31344 Via Colinas,18186996066,5.0,1255.5709214944400
White Oak Elementary School,Westlake Village,SB Buggie,120 E Yanonali St,18057556778,5.0,85993.25746314520
White Oak Elementary School,Westlake Village,Wild Desert Tours,13735 Shadow Mountain Rd,17604759358,5.0,148100.2049517980
White Oak Elementary School,Westlake Village,Pacific Swim School,,18059051905,3.0,5991.368469302930
Westminster Presbyterian Pre-School,Westlake Village,Bernice Bennett  Park,31800 Village Center Rd,,4.5,660.0041763695820
Westminster Presbyterian Pre-School,Westlake Village,The Growing Place Preschool,1049 S Westlake Blvd,18054977064,4.5,1110.3625843194300
Westminster Presbyterian Pre-School,Westlake Village,Smash RX,28215 Agoura Rd 160,17175276274,4.0,1970.2748006769800
Westminster Presbyterian Pre-School,Westlake Village,Reptile Family,,18054051044,5.0,44420.23327873270
Westminster Presbyterian Pre-School,Westlake Village,little fox yoga,31838 Village Ctr Rd,,5.0,563.3490073800310
Westminster Presbyterian Pre-School,Westlake Village,Malibu Riders,,18185102245,5.0,37368.518126207900
Westminster Presbyterian Pre-School,Westlake Village,ISR Wendy Kegley,,18053410455,4.5,741.6805616198360
Westminster Presbyterian Pre-School,Westlake Village,101 Escape Rooms,31139 Via Colinas,17472227638,5.0,1807.6396046649900
Westminster Presbyterian Pre-School,Westlake Village,Atmosphere Church,2382 Townsgate Rd,18053348700,5.0,2047.6362406953600
Westminster Presbyterian Pre-School,Westlake Village,Westlake Village Dog Park,31200 Oak Crest Drive,18187061613,4.0,1454.5665323943800
Westminster Presbyterian Pre-School,Westlake Village,Four Seasons Hotel,2 Dole Dr,18185753000,4.0,1595.9051755762200
Westminster Presbyterian Pre-School,Westlake Village,Boulderdash Indoor Rock Climbing,880 Hampshire Rd,18055571300,4.0,1328.8440252841100
Westminster Presbyterian Pre-School,Westlake Village,Mommy and me Thousand Oaks with Ms. Olivia,1489 E Thousand Oaks Blvd,18052679115,5.0,4766.471261178410
Westminster Presbyterian Pre-School,Westlake Village,Sail Channel Islands,3150 S Harbor Blvd,18057507828,5.0,37707.68360081050
Westminster Presbyterian Pre-School,Westlake Village,Today's College Solutions,660 Hampshire Rd.,18054132500,5.0,2004.7954746146700
Westminster Presbyterian Pre-School,Westlake Village,Malibu Mountain Bikers,,18056602715,5.0,767.1759477499760
Westminster Presbyterian Pre-School,Westlake Village,Enjoy The Mountain,1 Garden St,18443866691,4.5,85045.55066533920
Westminster Presbyterian Pre-School,Westlake Village,Bee Kind Child Daycare,,18057967401,5.0,7981.732725635900
Westminster Presbyterian Pre-School,Westlake Village,Bubblemania and Company,,13104466115,5.0,38393.01800921580
Westminster Presbyterian Pre-School,Westlake Village,Camp Carden,975 Evenstar Ave,18054977005,5.0,1637.4814415689700
Westlake Elementary School,Westlake Village,Santa Barbara Beach Horseback Rides,,18056885984,4.5,74182.8588831852
Westlake Elementary School,Westlake Village,MD&D Pools,107 N Reino Rd,18057327480,4.5,10277.352247378700
Westlake Elementary School,Westlake Village,Bubblemania and Company,,13104466115,5.0,40972.96244540310
Westlake Elementary School,Westlake Village,SB Buggie,120 E Yanonali St,18057556778,5.0,82779.22488628140
Westlake Elementary School,Westlake Village,VOX DJs,2988 Columbia St,13103722222,5.0,57729.82401169800
Westlake Elementary School,Westlake Village,Dreamcourts/L.A.,209 Triunfo Canyon Rd,18058704151,3.5,1910.4025022380200
Westlake Elementary School,Westlake Village,Enjoy The Mountain,1 Garden St,18443866691,4.5,82539.01432501930
Westlake Elementary School,Westlake Village,Camp Carden,975 Evenstar Ave,18054977005,5.0,1804.7377576256500
Westlake Elementary School,Westlake Village,Drivers Ed Direct,9121 Oakdale Ave,18007281048,5.0,28014.587056885700
Westlake Elementary School,Westlake Village,Saber Delivery Services,,18052364386,5.0,23377.685363428100
Westlake Elementary School,Westlake Village,Davey's Locker Sport Fishing & Whale Watching,400 Main St,19496731435,4.0,106515.44556807600
Westlake Elementary School,Westlake Village,Famous Carpet and Floor Care,57 Dobkin Pl,18053043741,5.0,14706.445527208300
Westlake Elementary School,Westlake Village,My Mad Science Party,15548 Julia Ln,15623720262,1.0,68171.25826287920
Westlake Elementary School,Westlake Village,Sunsational Swim School - Home Swim Lessons,,18887882140,4.5,6770.16824154481
Westlake Elementary School,Westlake Village,Channel Islands Sportfishing Center,4151 Victoria Ave,18053821612,4.0,34285.44094943400
Westlake Elementary School,Westlake Village,EPIC Surf Lessons & Tours,,13106010669,5.0,38817.86894507290
Westlake Elementary School,Westlake Village,Todd's Pool Service,1073 Tuttle Ave,18055012363,5.0,14192.304473012100
Westlake Elementary School,Westlake Village,Martini Travel Agency,14622 Ventura Blvd,18885861688,4.5,36687.99766709590
Westlake Elementary School,Westlake Village,Swiss Family Childcare,9490 El Cajon St,18052337641,5.0,33884.121957498400
Westlake Elementary School,Westlake Village,Hector Islas Photography,,13239727183,5.0,56259.31476353130
Born Learners School,Agoura Hills,Family Karate Center,5290 Kanan Rd,13104632007,5.0,1666.5545699443500
Born Learners School,Agoura Hills,Born Learners School,28348 Agoura Rd,18189917752,4.5,9.566875699108690
Born Learners School,Agoura Hills,MonarX Parkour,5331 Derry Ave,18188896326,5.0,788.2883594532880
Born Learners School,Agoura Hills,Malibu Riders,,18185102245,5.0,30558.11765677780
Born Learners School,Agoura Hills,Knauer Music School - Agoura Hills,28501 Canwood St,18185150379,5.0,445.00381013555400
Born Learners School,Agoura Hills,Old Agoura Park,5301 Chesebro Rd,18185977399,3.5,800.5686295825020
Born Learners School,Agoura Hills,Monarchs Gymnastics,5331 Derry Ave,18188893634,4.0,778.6586464001820
Born Learners School,Agoura Hills,Great Race of Agoura Hills,5550 Medea Valley Dr,18774787223,4.0,1474.5616721466200
Born Learners School,Agoura Hills,SB Buggie,120 E Yanonali St,18057556778,5.0,92045.55572891650
Born Learners School,Agoura Hills,VOX DJs,2988 Columbia St,13103722222,5.0,49838.46180432770
Born Learners School,Agoura Hills,PCH Scuba,5284 Kanan Rd,13106212361,5.0,1785.3155897821900
Born Learners School,Agoura Hills,CastleCleaners,807 Via Colinas,18664789783,4.5,5545.6863424581600
Born Learners School,Agoura Hills,Mommy and me Thousand Oaks with Ms. Olivia,1489 E Thousand Oaks Blvd,18052679115,5.0,10933.54412837620
Born Learners School,Agoura Hills,Reptile Family,,18054051044,5.0,51241.38806375320
Born Learners School,Agoura Hills,Enjoy The Mountain,1 Garden St,18443866691,4.5,91807.16831824040
Born Learners School,Agoura Hills,Fume-a-Pest & Termite Control,17801 Ventura Blvd,18187574555,3.5,20755.845340202100
Born Learners School,Agoura Hills,Family Bees Eco-friendly Bee Removal,11755 Dronfield Ave,18183596800,5.0,34534.725899695400
Born Learners School,Agoura Hills,Starline Tours,6801 Hollywood Blvd,18009593131,3.0,37440.54936983250
Born Learners School,Agoura Hills,Malibu Mountain Bikers,,18056602715,5.0,6256.392780386670
Born Learners School,Agoura Hills,Buzz's Adventure Tours,,18187076907,5.0,428.5155029982000
Conejo Jewish Day School,Agoura Hills,Born Learners School,28348 Agoura Rd,18189917752,4.5,437.86288528414800
Conejo Jewish Day School,Agoura Hills,Malibu Riders,,18185102245,5.0,30131.738896494200
Conejo Jewish Day School,Agoura Hills,MonarX Parkour,5331 Derry Ave,18188896326,5.0,1140.9370033914000
Conejo Jewish Day School,Agoura Hills,Old Agoura Park,5301 Chesebro Rd,18185977399,3.5,740.7480447510680
Conejo Jewish Day School,Agoura Hills,Monarchs Gymnastics,5331 Derry Ave,18188893634,4.0,1123.9115205256200
Conejo Jewish Day School,Agoura Hills,SB Buggie,120 E Yanonali St,18057556778,5.0,92472.35839947220
Conejo Jewish Day School,Agoura Hills,Great Race of Agoura Hills,5550 Medea Valley Dr,18774787223,4.0,1847.7166252352500
Conejo Jewish Day School,Agoura Hills,Knauer Music School - Agoura Hills,28501 Canwood St,18185150379,5.0,796.8329746647240
Conejo Jewish Day School,Agoura Hills,CastleCleaners,807 Via Colinas,18664789783,4.5,5974.288794014290
Conejo Jewish Day School,Agoura Hills,Buzz's Adventure Tours,,18187076907,5.0,0.2150446006393430
Conejo Jewish Day School,Agoura Hills,South Park Doggie - Doggieland LA,147 W 24th St,12136772370,5.0,45163.4213064366
Conejo Jewish Day School,Agoura Hills,Family Bees Eco-friendly Bee Removal,11755 Dronfield Ave,18183596800,5.0,34215.34500373130
Conejo Jewish Day School,Agoura Hills,Long Beach Waterbikes,164 N Marina Dr,15625462493,4.5,72326.69007429810
Conejo Jewish Day School,Agoura Hills,VOX DJs,2988 Columbia St,13103722222,5.0,49457.46611331580
Conejo Jewish Day School,Agoura Hills,Allguard Termite and Pest Control,2186 Eastman Ave,18056427433,4.5,46718.80281348100
Conejo Jewish Day School,Agoura Hills,JW Notary Signing Service,,16262271173,5.0,55272.684019191100
Conejo Jewish Day School,Agoura Hills,Famous Carpet and Floor Care,57 Dobkin Pl,18053043741,5.0,15266.57043886220
Conejo Jewish Day School,Agoura Hills,Gomez Family Child Care,22246 Roscoe Blvd,17478952060,5.0,14713.520117696800
Conejo Jewish Day School,Agoura Hills,Floatified Onewheel Experience,,15627141063,5.0,27574.688757240200
Conejo Jewish Day School,Agoura Hills,The Booth & Bus Co,4262 Lindblade Dr,14242721680,5.0,33341.298360808400
Growing Place Pre-School,Thousand Oaks,The Growing Place Preschool,1049 S Westlake Blvd,18054977064,4.5,16.504899925916100
Growing Place Pre-School,Thousand Oaks,Boulderdash Indoor Rock Climbing,880 Hampshire Rd,18055571300,4.0,281.10709997919800
Growing Place Pre-School,Thousand Oaks,Leap Dragon,3671 Thousand Oaks Blvd,18058641378,5.0,1487.5675961567800
Growing Place Pre-School,Thousand Oaks,Atmosphere Church,2382 Townsgate Rd,18053348700,5.0,1028.3857124609300
Growing Place Pre-School,Thousand Oaks,little fox yoga,31838 Village Ctr Rd,,5.0,1578.3443452083700
Growing Place Pre-School,Thousand Oaks,Today's College Solutions,660 Hampshire Rd.,18054132500,5.0,945.5711259088800
Growing Place Pre-School,Thousand Oaks,Camp Carden,975 Evenstar Ave,18054977005,5.0,551.8448291700640
Growing Place Pre-School,Thousand Oaks,Bernice Bennett  Park,31800 Village Center Rd,,4.5,1667.2581935355600
Growing Place Pre-School,Thousand Oaks,So Cal Pool Builders,3835R Thousand Oaks Blvd,18052798896,5.0,1377.658060014410
Growing Place Pre-School,Thousand Oaks,Bubblemania and Company,,13104466115,5.0,39429.432236409900
Growing Place Pre-School,Thousand Oaks,ISR Wendy Kegley,,18053410455,4.5,1687.7852169941100
Growing Place Pre-School,Thousand Oaks,Santa Barbara Beach Horseback Rides,,18056885984,4.5,75537.32673316210
Growing Place Pre-School,Thousand Oaks,MD&D Pools,107 N Reino Rd,18057327480,4.5,11794.716021773700
Growing Place Pre-School,Thousand Oaks,Alexandra Keller Photography,,18059912229,5.0,6927.665093742540
Growing Place Pre-School,Thousand Oaks,Dreamcourts/L.A.,209 Triunfo Canyon Rd,18058704151,3.5,867.2049739536460
Growing Place Pre-School,Thousand Oaks,Sunsational Swim School - Home Swim Lessons,,18887882140,4.5,7992.388121536600
Growing Place Pre-School,Thousand Oaks,Todd's Pool Service,1073 Tuttle Ave,18055012363,5.0,12636.404963769200
Growing Place Pre-School,Thousand Oaks,The Amazing Kid Company,,18189814321,5.0,38998.050100490500
Growing Place Pre-School,Thousand Oaks,Drivers Ed Direct,9121 Oakdale Ave,18007281048,5.0,25908.873425322600
Growing Place Pre-School,Thousand Oaks,EPIC Surf Lessons & Tours,,13106010669,5.0,37500.74276232270
Growing Place Preschool and Kindergarten,Westlake Village,The Growing Place Preschool,1049 S Westlake Blvd,18054977064,4.5,132.15466413526300
Growing Place Preschool and Kindergarten,Westlake Village,Boulderdash Indoor Rock Climbing,880 Hampshire Rd,18055571300,4.0,270.31192140829400
Growing Place Preschool and Kindergarten,Westlake Village,Leap Dragon,3671 Thousand Oaks Blvd,18058641378,5.0,1410.46980890816
Growing Place Preschool and Kindergarten,Westlake Village,Reptile Family,,18054051044,5.0,43460.77134023960
Growing Place Preschool and Kindergarten,Westlake Village,Atmosphere Church,2382 Townsgate Rd,18053348700,5.0,1010.577944344720
Growing Place Preschool and Kindergarten,Westlake Village,little fox yoga,31838 Village Ctr Rd,,5.0,1513.714297876530
Growing Place Preschool and Kindergarten,Westlake Village,Malibu Riders,,18185102245,5.0,38316.92138837970
Growing Place Preschool and Kindergarten,Westlake Village,Today's College Solutions,660 Hampshire Rd.,18054132500,5.0,949.4395479823510
Growing Place Preschool and Kindergarten,Westlake Village,Mommy and me Thousand Oaks with Ms. Olivia,1489 E Thousand Oaks Blvd,18052679115,5.0,3713.3645724965300
Growing Place Preschool and Kindergarten,Westlake Village,Camp Carden,975 Evenstar Ave,18054977005,5.0,630.4422844824050
Growing Place Preschool and Kindergarten,Westlake Village,Sail Channel Islands,3150 S Harbor Blvd,18057507828,5.0,36899.9097704875
Growing Place Preschool and Kindergarten,Westlake Village,Enjoy The Mountain,1 Garden St,18443866691,4.5,84073.43216507900
Growing Place Preschool and Kindergarten,Westlake Village,Bernice Bennett  Park,31800 Village Center Rd,,4.5,1599.7196473282400
Growing Place Preschool and Kindergarten,Westlake Village,So Cal Pool Builders,3835R Thousand Oaks Blvd,18052798896,5.0,1281.2816228282600
Growing Place Preschool and Kindergarten,Westlake Village,Bee Kind Child Daycare,,18057967401,5.0,6934.252531657920
Growing Place Preschool and Kindergarten,Westlake Village,Bubblemania and Company,,13104466115,5.0,39349.841786708500
Growing Place Preschool and Kindergarten,Westlake Village,ISR Wendy Kegley,,18053410455,4.5,1692.1057773396300
Growing Place Preschool and Kindergarten,Westlake Village,Malibu Mountain Bikers,,18056602715,5.0,1688.3211573008800
Growing Place Preschool and Kindergarten,Westlake Village,Santa Barbara Beach Horseback Rides,,18056885984,4.5,75607.01137640950
Growing Place Preschool and Kindergarten,Westlake Village,CastleCleaners,807 Via Colinas,18664789783,4.5,2422.88546708899
Oaks Christian School,Westlake Village,Smash RX,28215 Agoura Rd 160,17175276274,4.0,636.4231858964210
Oaks Christian School,Westlake Village,Bernice Bennett  Park,31800 Village Center Rd,,4.5,924.3049021319240
Oaks Christian School,Westlake Village,101 Escape Rooms,31139 Via Colinas,17472227638,5.0,510.6203766573980
Oaks Christian School,Westlake Village,Four Seasons Hotel,2 Dole Dr,18185753000,4.0,470.98046006587800
Oaks Christian School,Westlake Village,Yarrow Family YMCA,31105 Thousand Oaks Blvd,18187079622,3.5,1001.3838246360900
Oaks Christian School,Westlake Village,Reptile Family,,18054051044,5.0,45132.1708490638
Oaks Christian School,Westlake Village,little fox yoga,31838 Village Ctr Rd,,5.0,966.2038343911430
Oaks Christian School,Westlake Village,Fauves Studio,31344 Via Colinas,18186996066,5.0,137.9125282750800
Oaks Christian School,Westlake Village,Malibu Riders,,18185102245,5.0,36648.04714856470
Oaks Christian School,Westlake Village,Westlake Village Dog Park,31200 Oak Crest Drive,18187061613,4.0,1054.0573282210500
Oaks Christian School,Westlake Village,CastleCleaners,807 Via Colinas,18664789783,4.5,623.773573357045
Oaks Christian School,Westlake Village,Mommy and me Thousand Oaks with Ms. Olivia,1489 E Thousand Oaks Blvd,18052679115,5.0,4981.789160902980
Oaks Christian School,Westlake Village,Sail Channel Islands,3150 S Harbor Blvd,18057507828,5.0,38688.074306718000
Oaks Christian School,Westlake Village,ISR Wendy Kegley,,18053410455,4.5,1856.4748090144000
Oaks Christian School,Westlake Village,Enjoy The Mountain,1 Garden St,18443866691,4.5,85720.34220233250
Oaks Christian School,Westlake Village,Malibu Mountain Bikers,,18056602715,5.0,870.4519641542950
Oaks Christian School,Westlake Village,Bee Kind Child Daycare,,18057967401,5.0,8066.29136758523
Oaks Christian School,Westlake Village,Bubblemania and Company,,13104466115,5.0,37693.36018096760
Oaks Christian School,Westlake Village,SportsIQ,30750 Russell Ranch Rd,18056696179,5.0,1559.0293207395400
Oaks Christian School,Westlake Village,A Faery Hunt,1000 Hanley Ave,18183246802,4.0,30713.732362562800
Kinder Care Learning Center,Westlake Village,The Growing Place Preschool,1049 S Westlake Blvd,18054977064,4.5,140.04084621734300
Kinder Care Learning Center,Westlake Village,Boulderdash Indoor Rock Climbing,880 Hampshire Rd,18055571300,4.0,170.6747454249610
Kinder Care Learning Center,Westlake Village,Leap Dragon,3671 Thousand Oaks Blvd,18058641378,5.0,1397.4114277211800
Kinder Care Learning Center,Westlake Village,Atmosphere Church,2382 Townsgate Rd,18053348700,5.0,889.8818365121760
Kinder Care Learning Center,Westlake Village,Today's College Solutions,660 Hampshire Rd.,18054132500,5.0,796.8156051042590
Kinder Care Learning Center,Westlake Village,little fox yoga,31838 Village Ctr Rd,,5.0,1727.6854465899300
Kinder Care Learning Center,Westlake Village,Camp Carden,975 Evenstar Ave,18054977005,5.0,406.02543603468100
Kinder Care Learning Center,Westlake Village,So Cal Pool Builders,3835R Thousand Oaks Blvd,18052798896,5.0,1315.2909274192100
Kinder Care Learning Center,Westlake Village,Bubblemania and Company,,13104466115,5.0,39572.4725391266
Kinder Care Learning Center,Westlake Village,ISR Wendy Kegley,,18053410455,4.5,1839.9062050974300
Kinder Care Learning Center,Westlake Village,Santa Barbara Beach Horseback Rides,,18056885984,4.5,75389.0573864382
Kinder Care Learning Center,Westlake Village,MD&D Pools,107 N Reino Rd,18057327480,4.5,11656.284649913300
Kinder Care Learning Center,Westlake Village,Dreamcourts/L.A.,209 Triunfo Canyon Rd,18058704151,3.5,711.2829446639250
Kinder Care Learning Center,Westlake Village,Alexandra Keller Photography,,18059912229,5.0,6774.770009218500
Kinder Care Learning Center,Westlake Village,Sunsational Swim School - Home Swim Lessons,,18887882140,4.5,7845.410706897080
Kinder Care Learning Center,Westlake Village,Todd's Pool Service,1073 Tuttle Ave,18055012363,5.0,12575.281804773600
Kinder Care Learning Center,Westlake Village,The Amazing Kid Company,,18189814321,5.0,39126.69617852620
Kinder Care Learning Center,Westlake Village,Drivers Ed Direct,9121 Oakdale Ave,18007281048,5.0,25978.160533233500
Kinder Care Learning Center,Westlake Village,EPIC Surf Lessons & Tours,,13106010669,5.0,37651.53477147420
Kinder Care Learning Center,Westlake Village,Old Plank Sailing Adventures,13715 Fiji Way,18186440081,5.0,40633.197036260300
Kindercare Learning Center,Westlake Village,The Growing Place Preschool,1049 S Westlake Blvd,18054977064,4.5,134.09033439044200
Kindercare Learning Center,Westlake Village,Boulderdash Indoor Rock Climbing,880 Hampshire Rd,18055571300,4.0,166.8454679451470
Kindercare Learning Center,Westlake Village,Leap Dragon,3671 Thousand Oaks Blvd,18058641378,5.0,1394.0255292202300
Kindercare Learning Center,Westlake Village,Atmosphere Church,2382 Townsgate Rd,18053348700,5.0,891.2134334314350
Kindercare Learning Center,Westlake Village,Today's College Solutions,660 Hampshire Rd.,18054132500,5.0,799.90200536742
Kindercare Learning Center,Westlake Village,little fox yoga,31838 Village Ctr Rd,,5.0,1719.738236048260
Kindercare Learning Center,Westlake Village,Camp Carden,975 Evenstar Ave,18054977005,5.0,414.7872463361640
Kindercare Learning Center,Westlake Village,So Cal Pool Builders,3835R Thousand Oaks Blvd,18052798896,5.0,1310.0061533150600
Kindercare Learning Center,Westlake Village,Bubblemania and Company,,13104466115,5.0,39563.82100698660
Kindercare Learning Center,Westlake Village,ISR Wendy Kegley,,18053410455,4.5,1835.7931601287300
Kindercare Learning Center,Westlake Village,Santa Barbara Beach Horseback Rides,,18056885984,4.5,75397.22538501560
Kindercare Learning Center,Westlake Village,MD&D Pools,107 N Reino Rd,18057327480,4.5,11665.263900828000
Kindercare Learning Center,Westlake Village,Dreamcourts/L.A.,209 Triunfo Canyon Rd,18058704151,3.5,717.7836166587960
Kindercare Learning Center,Westlake Village,Alexandra Keller Photography,,18059912229,5.0,6779.009491510420
Kindercare Learning Center,Westlake Village,Sunsational Swim School - Home Swim Lessons,,18887882140,4.5,7853.736683942390
Kindercare Learning Center,Westlake Village,Todd's Pool Service,1073 Tuttle Ave,18055012363,5.0,12570.307447647700
Kindercare Learning Center,Westlake Village,The Amazing Kid Company,,18189814321,5.0,39117.28715990860
Kindercare Learning Center,Westlake Village,Drivers Ed Direct,9121 Oakdale Ave,18007281048,5.0,25968.416796218700
Kindercare Learning Center,Westlake Village,EPIC Surf Lessons & Tours,,13106010669,5.0,37643.70181493450
Kindercare Learning Center,Westlake Village,Old Plank Sailing Adventures,13715 Fiji Way,18186440081,5.0,40625.5494174196
Veritas Hall School,Westlake Village,Boulderdash Indoor Rock Climbing,880 Hampshire Rd,18055571300,4.0,54.89236024020970
Veritas Hall School,Westlake Village,The Growing Place Preschool,1049 S Westlake Blvd,18054977064,4.5,224.86203193789700
Veritas Hall School,Westlake Village,Leap Dragon,3671 Thousand Oaks Blvd,18058641378,5.0,1280.4497938158300
Veritas Hall School,Westlake Village,Atmosphere Church,2382 Townsgate Rd,18053348700,5.0,787.525401671253
Veritas Hall School,Westlake Village,Today's College Solutions,660 Hampshire Rd.,18054132500,5.0,707.5586290313970
Veritas Hall School,Westlake Village,little fox yoga,31838 Village Ctr Rd,,5.0,1765.3540525897700
Veritas Hall School,Westlake Village,Camp Carden,975 Evenstar Ave,18054977005,5.0,405.4432926216560
Veritas Hall School,Westlake Village,So Cal Pool Builders,3835R Thousand Oaks Blvd,18052798896,5.0,1201.4754765097600
Veritas Hall School,Westlake Village,Bubblemania and Company,,13104466115,5.0,39592.09232086680
Veritas Hall School,Westlake Village,Santa Barbara Beach Horseback Rides,,18056885984,4.5,75359.12501004410
Veritas Hall School,Westlake Village,Dreamcourts/L.A.,209 Triunfo Canyon Rd,18058704151,3.5,661.2440811107570
Veritas Hall School,Westlake Village,MD&D Pools,107 N Reino Rd,18057327480,4.5,11645.782326328000
Veritas Hall School,Westlake Village,Alexandra Keller Photography,,18059912229,5.0,6692.486152956640
Veritas Hall School,Westlake Village,Sunsational Swim School - Home Swim Lessons,,18887882140,4.5,7819.445372903200
Veritas Hall School,Westlake Village,Todd's Pool Service,1073 Tuttle Ave,18055012363,5.0,12460.280585031900
Veritas Hall School,Westlake Village,The Amazing Kid Company,,18189814321,5.0,39124.248254101300
Veritas Hall School,Westlake Village,Drivers Ed Direct,9121 Oakdale Ave,18007281048,5.0,25919.30490189560
Veritas Hall School,Westlake Village,EPIC Surf Lessons & Tours,,13106010669,5.0,37688.12335520520
Veritas Hall School,Westlake Village,Old Plank Sailing Adventures,13715 Fiji Way,18186440081,5.0,40673.079422951000
Veritas Hall School,Westlake Village,Martini Travel Agency,14622 Ventura Blvd,18885861688,4.5,34865.676351247300
Carden Conejo School,Westlake Village,The Growing Place Preschool,1049 S Westlake Blvd,18054977064,4.5,491.7582393020310
Carden Conejo School,Westlake Village,Leap Dragon,3671 Thousand Oaks Blvd,18058641378,5.0,1436.8394700501700
Carden Conejo School,Westlake Village,Boulderdash Indoor Rock Climbing,880 Hampshire Rd,18055571300,4.0,411.12241765009200
Carden Conejo School,Westlake Village,Atmosphere Church,2382 Townsgate Rd,18053348700,5.0,782.4349974523550
Carden Conejo School,Westlake Village,Today's College Solutions,660 Hampshire Rd.,18054132500,5.0,632.826605474711
Carden Conejo School,Westlake Village,Camp Carden,975 Evenstar Ave,18054977005,5.0,61.27802512662440
Carden Conejo School,Westlake Village,So Cal Pool Builders,3835R Thousand Oaks Blvd,18052798896,5.0,1430.8044274528900
Carden Conejo School,Westlake Village,Bubblemania and Company,,13104466115,5.0,39934.63139506200
Carden Conejo School,Westlake Village,ISR Wendy Kegley,,18053410455,4.5,2118.2782551494400
Carden Conejo School,Westlake Village,Santa Barbara Beach Horseback Rides,,18056885984,4.5,75033.13200074360
Carden Conejo School,Westlake Village,Dreamcourts/L.A.,209 Triunfo Canyon Rd,18058704151,3.5,424.4611812716250
Carden Conejo School,Westlake Village,MD&D Pools,107 N Reino Rd,18057327480,4.5,11291.524348312900
Carden Conejo School,Westlake Village,Alexandra Keller Photography,,18059912229,5.0,6513.724646233230
Carden Conejo School,Westlake Village,Sunsational Swim School - Home Swim Lessons,,18887882140,4.5,7487.5772337507000
Carden Conejo School,Westlake Village,Todd's Pool Service,1073 Tuttle Ave,18055012363,5.0,12636.032764211400
Carden Conejo School,Westlake Village,The Amazing Kid Company,,18189814321,5.0,39491.75059929150
Carden Conejo School,Westlake Village,Drivers Ed Direct,9121 Oakdale Ave,18007281048,5.0,26288.72979719230
Carden Conejo School,Westlake Village,EPIC Surf Lessons & Tours,,13106010669,5.0,38002.3169379565
Carden Conejo School,Westlake Village,Old Plank Sailing Adventures,13715 Fiji Way,18186440081,5.0,40980.74806219610
Carden Conejo School,Westlake Village,Martini Travel Agency,14622 Ventura Blvd,18885861688,4.5,35243.104188584300
Malibu Cove Private,Westlake Village,Boulderdash Indoor Rock Climbing,880 Hampshire Rd,18055571300,4.0,101.87561850869200
Malibu Cove Private,Westlake Village,The Growing Place Preschool,1049 S Westlake Blvd,18054977064,4.5,366.96310937636700
Malibu Cove Private,Westlake Village,Leap Dragon,3671 Thousand Oaks Blvd,18058641378,5.0,1129.5532326883100
Malibu Cove Private,Westlake Village,Atmosphere Church,2382 Townsgate Rd,18053348700,5.0,653.8837244418140
Malibu Cove Private,Westlake Village,Today's College Solutions,660 Hampshire Rd.,18054132500,5.0,595.0584960238310
Malibu Cove Private,Westlake Village,little fox yoga,31838 Village Ctr Rd,,5.0,1836.881800750370
Malibu Cove Private,Westlake Village,Camp Carden,975 Evenstar Ave,18054977005,5.0,439.43437378450300
Malibu Cove Private,Westlake Village,So Cal Pool Builders,3835R Thousand Oaks Blvd,18052798896,5.0,1059.4078213268900
Malibu Cove Private,Westlake Village,Bubblemania and Company,,13104466115,5.0,39631.921330147600
Malibu Cove Private,Westlake Village,Santa Barbara Beach Horseback Rides,,18056885984,4.5,75306.96770700870
Malibu Cove Private,Westlake Village,Dreamcourts/L.A.,209 Triunfo Canyon Rd,18058704151,3.5,609.653269070398
Malibu Cove Private,Westlake Village,MD&D Pools,107 N Reino Rd,18057327480,4.5,11619.782900566800
Malibu Cove Private,Westlake Village,Alexandra Keller Photography,,18059912229,5.0,6577.409086672250
Malibu Cove Private,Westlake Village,Sunsational Swim School - Home Swim Lessons,,18887882140,4.5,7774.450456997010
Malibu Cove Private,Westlake Village,Todd's Pool Service,1073 Tuttle Ave,18055012363,5.0,12314.37152284410
Malibu Cove Private,Westlake Village,The Amazing Kid Company,,18189814321,5.0,39135.7936840856
Malibu Cove Private,Westlake Village,Drivers Ed Direct,9121 Oakdale Ave,18007281048,5.0,25856.152261413000
Malibu Cove Private,Westlake Village,EPIC Surf Lessons & Tours,,13106010669,5.0,37749.34500876830
Malibu Cove Private,Westlake Village,Old Plank Sailing Adventures,13715 Fiji Way,18186440081,5.0,40738.37445351160
Malibu Cove Private,Westlake Village,Martini Travel Agency,14622 Ventura Blvd,18885861688,4.5,34856.61014130400
Compass Charter Schools of Fresno,Thousand Oaks,Boulderdash Indoor Rock Climbing,880 Hampshire Rd,18055571300,4.0,138.1491930708110
Compass Charter Schools of Fresno,Thousand Oaks,The Growing Place Preschool,1049 S Westlake Blvd,18054977064,4.5,401.5335644828330
Compass Charter Schools of Fresno,Thousand Oaks,Leap Dragon,3671 Thousand Oaks Blvd,18058641378,5.0,1091.590640299440
Compass Charter Schools of Fresno,Thousand Oaks,Atmosphere Church,2382 Townsgate Rd,18053348700,5.0,625.7880359125670
Compass Charter Schools of Fresno,Thousand Oaks,Today's College Solutions,660 Hampshire Rd.,18054132500,5.0,575.1057482062300
Compass Charter Schools of Fresno,Thousand Oaks,little fox yoga,31838 Village Ctr Rd,,5.0,1850.4300139718200
Compass Charter Schools of Fresno,Thousand Oaks,Camp Carden,975 Evenstar Ave,18054977005,5.0,461.10290656747000
Compass Charter Schools of Fresno,Thousand Oaks,So Cal Pool Builders,3835R Thousand Oaks Blvd,18052798896,5.0,1022.2655479102000
Compass Charter Schools of Fresno,Thousand Oaks,Bernice Bennett  Park,31800 Village Center Rd,,4.5,1930.9903226460200
Compass Charter Schools of Fresno,Thousand Oaks,Bubblemania and Company,,13104466115,5.0,39635.52901786000
Compass Charter Schools of Fresno,Thousand Oaks,Santa Barbara Beach Horseback Rides,,18056885984,4.5,75300.28196841840
Compass Charter Schools of Fresno,Thousand Oaks,Dreamcourts/L.A.,209 Triunfo Canyon Rd,18058704151,3.5,608.5956543338010
Compass Charter Schools of Fresno,Thousand Oaks,MD&D Pools,107 N Reino Rd,18057327480,4.5,11620.11480406840
Compass Charter Schools of Fresno,Thousand Oaks,Alexandra Keller Photography,,18059912229,5.0,6553.565798078980
Compass Charter Schools of Fresno,Thousand Oaks,Sunsational Swim School - Home Swim Lessons,,18887882140,4.5,7770.034542291980
Compass Charter Schools of Fresno,Thousand Oaks,Todd's Pool Service,1073 Tuttle Ave,18055012363,5.0,12276.57247394290
Compass Charter Schools of Fresno,Thousand Oaks,The Amazing Kid Company,,18189814321,5.0,39132.216030525000
Compass Charter Schools of Fresno,Thousand Oaks,Drivers Ed Direct,9121 Oakdale Ave,18007281048,5.0,25834.728279441200
Compass Charter Schools of Fresno,Thousand Oaks,EPIC Surf Lessons & Tours,,13106010669,5.0,37758.55518995250
Compass Charter Schools of Fresno,Thousand Oaks,Old Plank Sailing Adventures,13715 Fiji Way,18186440081,5.0,40748.66222462940
Compass Charter Schools,Thousand Oaks,Boulderdash Indoor Rock Climbing,880 Hampshire Rd,18055571300,4.0,138.1491930708110
Compass Charter Schools,Thousand Oaks,The Growing Place Preschool,1049 S Westlake Blvd,18054977064,4.5,401.5335644828330
Compass Charter Schools,Thousand Oaks,Leap Dragon,3671 Thousand Oaks Blvd,18058641378,5.0,1091.590640299440
Compass Charter Schools,Thousand Oaks,Atmosphere Church,2382 Townsgate Rd,18053348700,5.0,625.7880359125670
Compass Charter Schools,Thousand Oaks,Today's College Solutions,660 Hampshire Rd.,18054132500,5.0,575.1057482062300
Compass Charter Schools,Thousand Oaks,little fox yoga,31838 Village Ctr Rd,,5.0,1850.4300139718200
Compass Charter Schools,Thousand Oaks,Camp Carden,975 Evenstar Ave,18054977005,5.0,461.10290656747000
Compass Charter Schools,Thousand Oaks,So Cal Pool Builders,3835R Thousand Oaks Blvd,18052798896,5.0,1022.2655479102000
Compass Charter Schools,Thousand Oaks,Bernice Bennett  Park,31800 Village Center Rd,,4.5,1930.9903226460200
Compass Charter Schools,Thousand Oaks,Bubblemania and Company,,13104466115,5.0,39635.52901786000
Compass Charter Schools,Thousand Oaks,Santa Barbara Beach Horseback Rides,,18056885984,4.5,75300.28196841840
Compass Charter Schools,Thousand Oaks,Dreamcourts/L.A.,209 Triunfo Canyon Rd,18058704151,3.5,608.5956543338010
Compass Charter Schools,Thousand Oaks,MD&D Pools,107 N Reino Rd,18057327480,4.5,11620.11480406840
Compass Charter Schools,Thousand Oaks,Alexandra Keller Photography,,18059912229,5.0,6553.565798078980
Compass Charter Schools,Thousand Oaks,Sunsational Swim School - Home Swim Lessons,,18887882140,4.5,7770.034542291980
Compass Charter Schools,Thousand Oaks,Todd's Pool Service,1073 Tuttle Ave,18055012363,5.0,12276.57247394290
Compass Charter Schools,Thousand Oaks,The Amazing Kid Company,,18189814321,5.0,39132.216030525000
Compass Charter Schools,Thousand Oaks,Drivers Ed Direct,9121 Oakdale Ave,18007281048,5.0,25834.728279441200
Compass Charter Schools,Thousand Oaks,EPIC Surf Lessons & Tours,,13106010669,5.0,37758.55518995250
Compass Charter Schools,Thousand Oaks,Old Plank Sailing Adventures,13715 Fiji Way,18186440081,5.0,40748.66222462940
Compass Charter Schools Of San Diego,Thousand Oaks,Boulderdash Indoor Rock Climbing,880 Hampshire Rd,18055571300,4.0,140.47459074703400
Compass Charter Schools Of San Diego,Thousand Oaks,The Growing Place Preschool,1049 S Westlake Blvd,18054977064,4.5,404.58520296350300
Compass Charter Schools Of San Diego,Thousand Oaks,Leap Dragon,3671 Thousand Oaks Blvd,18058641378,5.0,1090.5571726474800
Compass Charter Schools Of San Diego,Thousand Oaks,Atmosphere Church,2382 Townsgate Rd,18053348700,5.0,621.1862915802230
Compass Charter Schools Of San Diego,Thousand Oaks,Today's College Solutions,660 Hampshire Rd.,18054132500,5.0,569.6018756442110
Compass Charter Schools Of San Diego,Thousand Oaks,little fox yoga,31838 Village Ctr Rd,,5.0,1856.2327755445400
Compass Charter Schools Of San Diego,Thousand Oaks,Camp Carden,975 Evenstar Ave,18054977005,5.0,456.7690855616490
Compass Charter Schools Of San Diego,Thousand Oaks,So Cal Pool Builders,3835R Thousand Oaks Blvd,18052798896,5.0,1022.8915288570300
Compass Charter Schools Of San Diego,Thousand Oaks,Bubblemania and Company,,13104466115,5.0,39641.524871422300
Compass Charter Schools Of San Diego,Thousand Oaks,Santa Barbara Beach Horseback Rides,,18056885984,4.5,75294.29482332980
Compass Charter Schools Of San Diego,Thousand Oaks,Dreamcourts/L.A.,209 Triunfo Canyon Rd,18058704151,3.5,602.6429029471570
Compass Charter Schools Of San Diego,Thousand Oaks,MD&D Pools,107 N Reino Rd,18057327480,4.5,11614.166845372600
Compass Charter Schools Of San Diego,Thousand Oaks,Alexandra Keller Photography,,18059912229,5.0,6548.477130882480
Compass Charter Schools Of San Diego,Thousand Oaks,Sunsational Swim School - Home Swim Lessons,,18887882140,4.5,7764.037211991730
Compass Charter Schools Of San Diego,Thousand Oaks,Todd's Pool Service,1073 Tuttle Ave,18055012363,5.0,12276.51952896510
Compass Charter Schools Of San Diego,Thousand Oaks,The Amazing Kid Company,,18189814321,5.0,39138.07939639070
Compass Charter Schools Of San Diego,Thousand Oaks,Drivers Ed Direct,9121 Oakdale Ave,18007281048,5.0,25839.253238025000
Compass Charter Schools Of San Diego,Thousand Oaks,EPIC Surf Lessons & Tours,,13106010669,5.0,37764.50422233890
Compass Charter Schools Of San Diego,Thousand Oaks,Old Plank Sailing Adventures,13715 Fiji Way,18186440081,5.0,40754.58645737000
Compass Charter Schools Of San Diego,Thousand Oaks,Martini Travel Agency,14622 Ventura Blvd,18885861688,4.5,34853.58731100110
River Oaks Academy,Westlake Village,Boulderdash Indoor Rock Climbing,880 Hampshire Rd,18055571300,4.0,160.77858830614900
River Oaks Academy,Westlake Village,The Growing Place Preschool,1049 S Westlake Blvd,18054977064,4.5,416.04482494170300
River Oaks Academy,Westlake Village,Leap Dragon,3671 Thousand Oaks Blvd,18058641378,5.0,1066.703276386740
River Oaks Academy,Westlake Village,Atmosphere Church,2382 Townsgate Rd,18053348700,5.0,628.6913464994920
River Oaks Academy,Westlake Village,Today's College Solutions,660 Hampshire Rd.,18054132500,5.0,589.5274711931990
River Oaks Academy,Westlake Village,little fox yoga,31838 Village Ctr Rd,,5.0,1831.961251206200
River Oaks Academy,Westlake Village,Camp Carden,975 Evenstar Ave,18054977005,5.0,502.1606831443410
River Oaks Academy,Westlake Village,So Cal Pool Builders,3835R Thousand Oaks Blvd,18052798896,5.0,989.2672308855700
River Oaks Academy,Westlake Village,Bernice Bennett  Park,31800 Village Center Rd,,4.5,1911.4680976579300
River Oaks Academy,Westlake Village,Bubblemania and Company,,13104466115,5.0,39607.36521212970
River Oaks Academy,Westlake Village,Santa Barbara Beach Horseback Rides,,18056885984,4.5,75325.94143233870
River Oaks Academy,Westlake Village,Dreamcourts/L.A.,209 Triunfo Canyon Rd,18058704151,3.5,640.1730300732300
River Oaks Academy,Westlake Village,MD&D Pools,107 N Reino Rd,18057327480,4.5,11651.337083912400
River Oaks Academy,Westlake Village,Alexandra Keller Photography,,18059912229,5.0,6560.797784558620
River Oaks Academy,Westlake Village,Sunsational Swim School - Home Swim Lessons,,18887882140,4.5,7797.7101116292000
River Oaks Academy,Westlake Village,Todd's Pool Service,1073 Tuttle Ave,18055012363,5.0,12246.190621218500
River Oaks Academy,Westlake Village,The Amazing Kid Company,,18189814321,5.0,39098.90110108480
River Oaks Academy,Westlake Village,Drivers Ed Direct,9121 Oakdale Ave,18007281048,5.0,25793.862194272500
River Oaks Academy,Westlake Village,EPIC Surf Lessons & Tours,,13106010669,5.0,37735.18796883460
River Oaks Academy,Westlake Village,Old Plank Sailing Adventures,13715 Fiji Way,18186440081,5.0,40726.296997689800
Yerba Buena Day Care Center,Westlake Village,Yarrow Family YMCA,31105 Thousand Oaks Blvd,18187079622,3.5,353.8150654303410
Yerba Buena Day Care Center,Westlake Village,Smash RX,28215 Agoura Rd 160,17175276274,4.0,20.544287137477700
Yerba Buena Day Care Center,Westlake Village,Bernice Bennett  Park,31800 Village Center Rd,,4.5,1508.9175378422500
Yerba Buena Day Care Center,Westlake Village,101 Escape Rooms,31139 Via Colinas,17472227638,5.0,237.5899377584500
Yerba Buena Day Care Center,Westlake Village,Four Seasons Hotel,2 Dole Dr,18185753000,4.0,558.6517507285830
Yerba Buena Day Care Center,Westlake Village,CastleCleaners,807 Via Colinas,18664789783,4.5,268.407032660723
Yerba Buena Day Care Center,Westlake Village,Reptile Family,,18054051044,5.0,45564.33518622150
Yerba Buena Day Care Center,Westlake Village,Malibu Riders,,18185102245,5.0,36232.20288256300
Yerba Buena Day Care Center,Westlake Village,little fox yoga,31838 Village Ctr Rd,,5.0,1569.4869513438100
Yerba Buena Day Care Center,Westlake Village,Westlake Village Dog Park,31200 Oak Crest Drive,18187061613,4.0,1316.6002807407600
Yerba Buena Day Care Center,Westlake Village,Mommy and me Thousand Oaks with Ms. Olivia,1489 E Thousand Oaks Blvd,18052679115,5.0,5292.493000585530
Yerba Buena Day Care Center,Westlake Village,Fauves Studio,31344 Via Colinas,18186996066,5.0,545.5485623400790
Yerba Buena Day Care Center,Westlake Village,Sail Channel Islands,3150 S Harbor Blvd,18057507828,5.0,39232.225284550000
Yerba Buena Day Care Center,Westlake Village,Children's House Montessori Of Agoura Hills,30610 Thousand Oaks Blvd,18185327004,5.0,1511.366221504860
Yerba Buena Day Care Center,Westlake Village,Lake Lindero Golf Course,5719 Lake Lindero Dr,18187062277,3.0,1240.37981299361
Yerba Buena Day Care Center,Westlake Village,Enjoy The Mountain,1 Garden St,18443866691,4.5,86132.07159107540
Yerba Buena Day Care Center,Westlake Village,Bee Kind Child Daycare,,18057967401,5.0,8275.87803323514
Yerba Buena Day Care Center,Westlake Village,Bubblemania and Company,,13104466115,5.0,37286.70329922430
Yerba Buena Day Care Center,Westlake Village,SportsIQ,30750 Russell Ranch Rd,18056696179,5.0,1348.9441298959600
Yerba Buena Day Care Center,Westlake Village,A Faery Hunt,1000 Hanley Ave,18183246802,4.0,30273.157166748800
Partners In Learning,Agoura Hills,Born Learners School,28348 Agoura Rd,18189917752,4.5,674.3535460516470
Partners In Learning,Agoura Hills,Summer Art Academy,27400 Canwood St,18185237576,4.5,1708.9794266786900
Partners In Learning,Agoura Hills,Old Agoura Park,5301 Chesebro Rd,18185977399,3.5,181.61772892509100
Partners In Learning,Agoura Hills,MonarX Parkour,5331 Derry Ave,18188896326,5.0,952.1406700384660
Partners In Learning,Agoura Hills,Monarchs Gymnastics,5331 Derry Ave,18188893634,4.0,924.5152826493430
Partners In Learning,Agoura Hills,SB Buggie,120 E Yanonali St,18057556778,5.0,92365.61117510100
Partners In Learning,Agoura Hills,Great Race of Agoura Hills,5550 Medea Valley Dr,18774787223,4.0,1623.9642146689100
Partners In Learning,Agoura Hills,Knauer Music School - Agoura Hills,28501 Canwood St,18185150379,5.0,705.0340171190340
Partners In Learning,Agoura Hills,Buzz's Adventure Tours,,18187076907,5.0,561.367090796422
Partners In Learning,Agoura Hills,VOX DJs,2988 Columbia St,13103722222,5.0,49766.5178352038
Partners In Learning,Agoura Hills,Famous Carpet and Floor Care,57 Dobkin Pl,18053043741,5.0,14777.233645227800
Partners In Learning,Agoura Hills,The Booth & Bus Co,4262 Lindblade Dr,14242721680,5.0,33537.61834462720
Partners In Learning,Agoura Hills,Starline Tours,6801 Hollywood Blvd,18009593131,3.0,36998.822600400100
Partners In Learning,Agoura Hills,Knauer Music School - Tarzana,19301 Ventura Blvd,18185150379,5.0,17332.840587401000
Partners In Learning,Agoura Hills,Meathead Movers,1401 Maulhardt Ave,18059877201,4.0,38116.76380674760
"Montessori One, Inc. School",Westlake Village,The Growing Place Preschool,1049 S Westlake Blvd,18054977064,4.5,773.3543976997820
"Montessori One, Inc. School",Westlake Village,Leap Dragon,3671 Thousand Oaks Blvd,18058641378,5.0,1056.9743061844100
"Montessori One, Inc. School",Westlake Village,Boulderdash Indoor Rock Climbing,880 Hampshire Rd,18055571300,4.0,542.1637194373980
"Montessori One, Inc. School",Westlake Village,Today's College Solutions,660 Hampshire Rd.,18054132500,5.0,187.61051891688300
"Montessori One, Inc. School",Westlake Village,Atmosphere Church,2382 Townsgate Rd,18053348700,5.0,347.90392903219800
"Montessori One, Inc. School",Westlake Village,Camp Carden,975 Evenstar Ave,18054977005,5.0,390.50629717044000
"Montessori One, Inc. School",Westlake Village,So Cal Pool Builders,3835R Thousand Oaks Blvd,18052798896,5.0,1117.1045760191500
"Montessori One, Inc. School",Westlake Village,Bubblemania and Company,,13104466115,5.0,40094.32532456760
"Montessori One, Inc. School",Westlake Village,Santa Barbara Beach Horseback Rides,,18056885984,4.5,74837.9496632082
"Montessori One, Inc. School",Westlake Village,Dreamcourts/L.A.,209 Triunfo Canyon Rd,18058704151,3.5,191.6068978508970
"Montessori One, Inc. School",Westlake Village,MD&D Pools,107 N Reino Rd,18057327480,4.5,11171.140881266900
"Montessori One, Inc. School",Westlake Village,Alexandra Keller Photography,,18059912229,5.0,6138.560633643010
"Montessori One, Inc. School",Westlake Village,Sunsational Swim School - Home Swim Lessons,,18887882140,4.5,7310.406239344970
"Montessori One, Inc. School",Westlake Village,Todd's Pool Service,1073 Tuttle Ave,18055012363,5.0,12228.451601399000
"Montessori One, Inc. School",Westlake Village,The Amazing Kid Company,,18189814321,5.0,39571.20675340310
"Montessori One, Inc. School",Westlake Village,Drivers Ed Direct,9121 Oakdale Ave,18007281048,5.0,26149.523509577700
"Montessori One, Inc. School",Westlake Village,EPIC Surf Lessons & Tours,,13106010669,5.0,38221.56167024330
"Montessori One, Inc. School",Westlake Village,Old Plank Sailing Adventures,13715 Fiji Way,18186440081,5.0,41211.29469940830
"Montessori One, Inc. School",Westlake Village,Martini Travel Agency,14622 Ventura Blvd,18885861688,4.5,35263.22225235890
"Montessori One, Inc. School",Westlake Village,Pacific Swim School,,18059051905,3.0,4506.332882539820
Sycamore School,Malibu,Malibu Divers,21231 Pacific Coast Hwy,13104562396,4.5,923.2361408374760
Las Virgenes Adult,Calabasas,Grape Arbor Park,5100 Parkville Rd,18188806461,5.0,1066.9066724828000
Las Virgenes Adult,Calabasas,Calabasas Bark Park,4232 Las Virgenes Rd,18188784225,3.0,81.56418149065160
Las Virgenes Adult,Calabasas,De Anza Park,3701 Lost Hills Rd,18188806461,4.5,968.9057668716540
Las Virgenes Adult,Calabasas,Calabasas Pumpkin Festival,3701 Lost Hills Rd,18182252227,3.0,980.2303916034430
Las Virgenes Adult,Calabasas,Champion Taekwondo,26500 Agoura Rd,,5.0,1019.1054030265300
Little Dreamers Ecc,Thousand Oaks,The Arterie,2219 E Thousand Oaks Blvd,18053791426,4.5,1503.9935765006400
Little Dreamers Ecc,Thousand Oaks,Leap Dragon,3671 Thousand Oaks Blvd,18058641378,5.0,1101.430631950560
Little Dreamers Ecc,Thousand Oaks,The Growing Place Preschool,1049 S Westlake Blvd,18054977064,4.5,1473.2730643450100
Little Dreamers Ecc,Thousand Oaks,Reptile Family,,18054051044,5.0,42132.435840835100
Little Dreamers Ecc,Thousand Oaks,Boulderdash Indoor Rock Climbing,880 Hampshire Rd,18055571300,4.0,1236.8168198000700
Little Dreamers Ecc,Thousand Oaks,Atmosphere Church,2382 Townsgate Rd,18053348700,5.0,583.7077040786840
Little Dreamers Ecc,Thousand Oaks,Today's College Solutions,660 Hampshire Rd.,18054132500,5.0,565.3194620544670
Little Dreamers Ecc,Thousand Oaks,My Gym,2701 E Thousand Oaks Blvd,18054944154,5.0,1085.2260990612800
Little Dreamers Ecc,Thousand Oaks,Mommy and me Thousand Oaks with Ms. Olivia,1489 E Thousand Oaks Blvd,18052679115,5.0,2213.82401035485
Little Dreamers Ecc,Thousand Oaks,Sail Channel Islands,3150 S Harbor Blvd,18057507828,5.0,35816.24563031850
Little Dreamers Ecc,Thousand Oaks,Enjoy The Mountain,1 Garden St,18443866691,4.5,82720.27428276670
Little Dreamers Ecc,Thousand Oaks,Camp Carden,975 Evenstar Ave,18054977005,5.0,1026.9100666902400
Little Dreamers Ecc,Thousand Oaks,So Cal Pool Builders,3835R Thousand Oaks Blvd,18052798896,5.0,1319.5453147073700
Little Dreamers Ecc,Thousand Oaks,Bee Kind Child Daycare,,18057967401,5.0,5440.1586604908500
Little Dreamers Ecc,Thousand Oaks,Conejo Valley Church of Christ,2525 E Hillcrest Dr,18053711381,5.0,1551.4071946370000
Little Dreamers Ecc,Thousand Oaks,Malibu Mountain Bikers,,18056602715,5.0,3140.6737434674300
Little Dreamers Ecc,Thousand Oaks,City of Thousand Oaks,2100 E Thousand Oaks Blvd,18054492100,3.5,1569.548579903630
Little Dreamers Ecc,Thousand Oaks,SB Buggie,120 E Yanonali St,18057556778,5.0,82959.11617599040
Little Dreamers Ecc,Thousand Oaks,Dreamcourts/L.A.,209 Triunfo Canyon Rd,18058704151,3.5,664.2850389328450
Little Dreamers Ecc,Thousand Oaks,CastleCleaners,807 Via Colinas,18664789783,4.5,3570.8251672260900
Willow Elementary School,Agoura,Family Karate Center,5290 Kanan Rd,13104632007,5.0,1158.4993653647300
Willow Elementary School,Agoura,MonarX Parkour,5331 Derry Ave,18188896326,5.0,1528.5410966120000
Willow Elementary School,Agoura,Malibu Riders,,18185102245,5.0,32417.26251597690
Willow Elementary School,Agoura,Sail Channel Islands,3150 S Harbor Blvd,18057507828,5.0,43395.781634373100
Willow Elementary School,Agoura,PCH Scuba,5284 Kanan Rd,13106212361,5.0,849.3903785348970
Willow Elementary School,Agoura,Great Race of Agoura Hills,5550 Medea Valley Dr,18774787223,4.0,907.2547049016330
Willow Elementary School,Agoura,Reptile Family,,18054051044,5.0,49509.275145368200
Willow Elementary School,Agoura,Rite Aid,5747 Kanan Rd,18189915258,3.5,296.7852204124860
Willow Elementary School,Agoura,Mommy and me Thousand Oaks with Ms. Olivia,1489 E Thousand Oaks Blvd,18052679115,5.0,9148.617314935840
Willow Elementary School,Agoura,Bubblemania and Company,,13104466115,5.0,33503.41313361760
Willow Elementary School,Agoura,Knauer Music School - Agoura Hills,28501 Canwood St,18185150379,5.0,1873.359206633050
Willow Elementary School,Agoura,Monarchs Gymnastics,5331 Derry Ave,18188893634,4.0,1538.1279696376000
Willow Elementary School,Agoura,Children's House Montessori Of Agoura Hills,30610 Thousand Oaks Blvd,18185327004,5.0,2719.238911995360
Willow Elementary School,Agoura,Bee Kind Child Daycare,,18057967401,5.0,11757.493163675300
Willow Elementary School,Agoura,Camp Kinneret,29646 Agoura Rd,18187068255,5.0,1957.77079841961
Willow Elementary School,Agoura,Camp Adventurewood,1766 East Washington Blvd,16269220945,5.0,59237.78777882220
Willow Elementary School,Agoura,EPIC Surf Lessons & Tours,,13106010669,5.0,32161.854235539100
Willow Elementary School,Agoura,Wild Desert Tours,13735 Shadow Mountain Rd,17604759358,5.0,142826.18406264700
Willow Elementary School,Agoura,SB Buggie,120 E Yanonali St,18057556778,5.0,90242.01316986610
Willow Elementary School,Agoura,Sunsational Swim School - Home Swim Lessons,,18887882140,4.5,14199.627396352500
Buttercup Pre-School,Agoura Hills,Smash RX,28215 Agoura Rd 160,17175276274,4.0,1740.5586107010800
Buttercup Pre-School,Agoura Hills,Yarrow Family YMCA,31105 Thousand Oaks Blvd,18187079622,3.5,1405.1520907855200
Buttercup Pre-School,Agoura Hills,101 Escape Rooms,31139 Via Colinas,17472227638,5.0,1922.5903191601800
Buttercup Pre-School,Agoura Hills,Children's House Montessori Of Agoura Hills,30610 Thousand Oaks Blvd,18185327004,5.0,1351.8831599953600
Buttercup Pre-School,Agoura Hills,Lake Lindero Golf Course,5719 Lake Lindero Dr,18187062277,3.0,1209.9453134985100
Buttercup Pre-School,Agoura Hills,Community SchoolHouse,5450 Churchwood Dr,18052445060,5.0,1977.3387336295800
Buttercup Pre-School,Agoura Hills,CastleCleaners,807 Via Colinas,18664789783,4.5,1861.5101931068800
Buttercup Pre-School,Agoura Hills,Santa Barbara Beach Horseback Rides,,18056885984,4.5,78382.55062951930
Buttercup Pre-School,Agoura Hills,Celebrity Helicopter,961 W Alondra Blvd,18779992099,4.5,59203.043703772700
Yerba Buena Elementary School,Agoura Hills,Smash RX,28215 Agoura Rd 160,17175276274,4.0,1740.5586107010800
Yerba Buena Elementary School,Agoura Hills,Yarrow Family YMCA,31105 Thousand Oaks Blvd,18187079622,3.5,1405.1520907855200
Yerba Buena Elementary School,Agoura Hills,101 Escape Rooms,31139 Via Colinas,17472227638,5.0,1922.5903191601800
Yerba Buena Elementary School,Agoura Hills,Children's House Montessori Of Agoura Hills,30610 Thousand Oaks Blvd,18185327004,5.0,1351.8831599953600
Yerba Buena Elementary School,Agoura Hills,Lake Lindero Golf Course,5719 Lake Lindero Dr,18187062277,3.0,1209.9453134985100
Yerba Buena Elementary School,Agoura Hills,Community SchoolHouse,5450 Churchwood Dr,18052445060,5.0,1977.3387336295800
Yerba Buena Elementary School,Agoura Hills,CastleCleaners,807 Via Colinas,18664789783,4.5,1861.5101931068800
Yerba Buena Elementary School,Agoura Hills,Santa Barbara Beach Horseback Rides,,18056885984,4.5,78382.55062951930
Yerba Buena Elementary School,Agoura Hills,Celebrity Helicopter,961 W Alondra Blvd,18779992099,4.5,59203.043703772700
New Village Leadership Academy,Calabasas,Grape Arbor Park,5100 Parkville Rd,18188806461,5.0,957.2248518488820
New Village Leadership Academy,Calabasas,Farm Friendz,,13104638795,3.5,1745.633355597920
New Village Leadership Academy,Calabasas,Calabasas Bark Park,4232 Las Virgenes Rd,18188784225,3.0,524.784844697971
New Village Leadership Academy,Calabasas,De Anza Park,3701 Lost Hills Rd,18188806461,4.5,1423.8103929158500
New Village Leadership Academy,Calabasas,Calabasas Pumpkin Festival,3701 Lost Hills Rd,18182252227,3.0,1435.1882842587400
New Village Leadership Academy,Calabasas,Champion Taekwondo,26500 Agoura Rd,,5.0,564.2019264473380
Sumac Elementary School,Agoura,Family Karate Center,5290 Kanan Rd,13104632007,5.0,1505.9656306320300
Sumac Elementary School,Agoura,MonarX Parkour,5331 Derry Ave,18188896326,5.0,1716.8159646838800
Sumac Elementary School,Agoura,Malibu Riders,,18185102245,5.0,32347.854506829400
Sumac Elementary School,Agoura,Sail Channel Islands,3150 S Harbor Blvd,18057507828,5.0,43592.46107677020
Sumac Elementary School,Agoura,Reptile Family,,18054051044,5.0,49626.2530626323
Sumac Elementary School,Agoura,Great Race of Agoura Hills,5550 Medea Valley Dr,18774787223,4.0,1184.7611868141600
Sumac Elementary School,Agoura,Mommy and me Thousand Oaks with Ms. Olivia,1489 E Thousand Oaks Blvd,18052679115,5.0,9280.221444409650
Sumac Elementary School,Agoura,PCH Scuba,5284 Kanan Rd,13106212361,5.0,1197.9203868509500
Sumac Elementary School,Agoura,Bubblemania and Company,,13104466115,5.0,33440.62473485140
Sumac Elementary School,Agoura,Rite Aid,5747 Kanan Rd,18189915258,3.5,637.3332803770280
Sumac Elementary School,Agoura,Knauer Music School - Agoura Hills,28501 Canwood St,18185150379,5.0,2047.0972819426800
Sumac Elementary School,Agoura,Children's House Montessori Of Agoura Hills,30610 Thousand Oaks Blvd,18185327004,5.0,2985.0491810599800
Sumac Elementary School,Agoura,Monarchs Gymnastics,5331 Derry Ave,18188893634,4.0,1720.4293726356400
Sumac Elementary School,Agoura,Bee Kind Child Daycare,,18057967401,5.0,11822.684790298600
Sumac Elementary School,Agoura,Camp Adventurewood,1766 East Washington Blvd,16269220945,5.0,59026.05584113770
Sumac Elementary School,Agoura,EPIC Surf Lessons & Tours,,13106010669,5.0,32165.74297336700
Sumac Elementary School,Agoura,Wild Desert Tours,13735 Shadow Mountain Rd,17604759358,5.0,142504.0288331480
Sumac Elementary School,Agoura,SB Buggie,120 E Yanonali St,18057556778,5.0,90338.93957958990
Sumac Elementary School,Agoura,Sunsational Swim School - Home Swim Lessons,,18887882140,4.5,14354.666486911200
Sumac Elementary School,Agoura,The Amazing Kid Company,,18189814321,5.0,32422.769721523900
Westlake Hills Elementary School,Westlake Village,Leap Dragon,3671 Thousand Oaks Blvd,18058641378,5.0,321.43210333731600
Westlake Hills Elementary School,Westlake Village,Reptile Family,,18054051044,5.0,43123.01162139900
Westlake Hills Elementary School,Westlake Village,Atmosphere Church,2382 Townsgate Rd,18053348700,5.0,1050.4233292375500
Westlake Hills Elementary School,Westlake Village,My Gym,2701 E Thousand Oaks Blvd,18054944154,5.0,1309.3582401801100
Westlake Hills Elementary School,Westlake Village,Mommy and me Thousand Oaks with Ms. Olivia,1489 E Thousand Oaks Blvd,18052679115,5.0,2793.3472935914200
Westlake Hills Elementary School,Westlake Village,Today's College Solutions,660 Hampshire Rd.,18054132500,5.0,1228.7525376476200
Westlake Hills Elementary School,Westlake Village,Sail Channel Islands,3150 S Harbor Blvd,18057507828,5.0,37024.52285794600
Westlake Hills Elementary School,Westlake Village,So Cal Pool Builders,3835R Thousand Oaks Blvd,18052798896,5.0,442.9712893148410
Westlake Hills Elementary School,Westlake Village,Boulderdash Indoor Rock Climbing,880 Hampshire Rd,18055571300,4.0,1530.57221434489
Westlake Hills Elementary School,Westlake Village,Enjoy The Mountain,1 Garden St,18443866691,4.5,83667.59435462500
Westlake Hills Elementary School,Westlake Village,Bee Kind Child Daycare,,18057967401,5.0,5811.260023528540
Westlake Hills Elementary School,Westlake Village,Bubblemania and Company,,13104466115,5.0,39762.13931803990
Westlake Hills Elementary School,Westlake Village,Pacific Swim School,,18059051905,3.0,3268.216924545330
Westlake Hills Elementary School,Westlake Village,Camp Carden,975 Evenstar Ave,18054977005,5.0,1720.0319304417000
Westlake Hills Elementary School,Westlake Village,A Faery Hunt,1000 Hanley Ave,18183246802,4.0,32720.30318218610
Westlake Hills Elementary School,Westlake Village,MD&D Pools,107 N Reino Rd,18057327480,4.5,11749.082863483100
Westlake Hills Elementary School,Westlake Village,CastleCleaners,807 Via Colinas,18664789783,4.5,2690.6072093252900
Westlake Hills Elementary School,Westlake Village,Long Beach Waterbikes,164 N Marina Dr,15625462493,4.5,80607.61905096070
Westlake Hills Elementary School,Westlake Village,SB Buggie,120 E Yanonali St,18057556778,5.0,83905.80121151660
Westlake Hills Elementary School,Westlake Village,Knauer Music School - Agoura Hills,28501 Canwood St,18185150379,5.0,7814.851921201220
Mariposa School Of Global Education,Agoura,Family Karate Center,5290 Kanan Rd,13104632007,5.0,1554.3851909691800
Mariposa School Of Global Education,Agoura,Malibu Riders,,18185102245,5.0,32398.06128336220
Mariposa School Of Global Education,Agoura,Sail Channel Islands,3150 S Harbor Blvd,18057507828,5.0,43561.5846405281
Mariposa School Of Global Education,Agoura,Reptile Family,,18054051044,5.0,49582.56910539750
Mariposa School Of Global Education,Agoura,Great Race of Agoura Hills,5550 Medea Valley Dr,18774787223,4.0,1244.1839318298700
Mariposa School Of Global Education,Agoura,Mommy and me Thousand Oaks with Ms. Olivia,1489 E Thousand Oaks Blvd,18052679115,5.0,9239.512405055450
Mariposa School Of Global Education,Agoura,Bubblemania and Company,,13104466115,5.0,33491.5801424384
Mariposa School Of Global Education,Agoura,Rite Aid,5747 Kanan Rd,18189915258,3.5,684.9286851164880
Mariposa School Of Global Education,Agoura,Knauer Music School - Agoura Hills,28501 Canwood St,18185150379,5.0,2112.477211815440
Mariposa School Of Global Education,Agoura,PCH Scuba,5284 Kanan Rd,13106212361,5.0,1245.6406579235900
Mariposa School Of Global Education,Agoura,Children's House Montessori Of Agoura Hills,30610 Thousand Oaks Blvd,18185327004,5.0,2972.104493690650
Mariposa School Of Global Education,Agoura,Bee Kind Child Daycare,,18057967401,5.0,11772.980478974200
Mariposa School Of Global Education,Agoura,Camp Adventurewood,1766 East Washington Blvd,16269220945,5.0,59054.506951914800
Mariposa School Of Global Education,Agoura,EPIC Surf Lessons & Tours,,13106010669,5.0,32223.28164620050
Mariposa School Of Global Education,Agoura,Wild Desert Tours,13735 Shadow Mountain Rd,17604759358,5.0,142503.9493724030
Mariposa School Of Global Education,Agoura,SB Buggie,120 E Yanonali St,18057556778,5.0,90292.47922894580
Mariposa School Of Global Education,Agoura,Sunsational Swim School - Home Swim Lessons,,18887882140,4.5,14317.15738251440
Mariposa School Of Global Education,Agoura,The Amazing Kid Company,,18189814321,5.0,32463.280799865600
Mariposa School Of Global Education,Agoura,UniqueCorals,7028 Valjean Ave,18185700848,4.5,25214.86925834890
Mariposa School Of Global Education,Agoura,Martini Travel Agency,14622 Ventura Blvd,18885861688,4.5,27976.24097593780
Westlake Montessori School,Thousand Oaks,Harmony Family Yoga,1655 E Thousand Oaks Blvd,18055583634,5.0,1395.075687307790
Westlake Montessori School,Thousand Oaks,The Arterie,2219 E Thousand Oaks Blvd,18053791426,4.5,799.5106745814920
Westlake Montessori School,Thousand Oaks,Leap Dragon,3671 Thousand Oaks Blvd,18058641378,5.0,1373.9321813468700
Westlake Montessori School,Thousand Oaks,My Gym,2701 E Thousand Oaks Blvd,18054944154,5.0,519.3503941943630
Westlake Montessori School,Thousand Oaks,Reptile Family,,18054051044,5.0,41671.87522543730
Westlake Montessori School,Thousand Oaks,Mommy and me Thousand Oaks with Ms. Olivia,1489 E Thousand Oaks Blvd,18052679115,5.0,1532.0793793615100
Westlake Montessori School,Thousand Oaks,Atmosphere Church,2382 Townsgate Rd,18053348700,5.0,1191.431564840330
Westlake Montessori School,Thousand Oaks,Boulderdash Indoor Rock Climbing,880 Hampshire Rd,18055571300,4.0,1915.7846378020600
Westlake Montessori School,Thousand Oaks,Sail Channel Islands,3150 S Harbor Blvd,18057507828,5.0,35525.552468507200
Westlake Montessori School,Thousand Oaks,Today's College Solutions,660 Hampshire Rd.,18054132500,5.0,1236.333292749680
Westlake Montessori School,Thousand Oaks,Enjoy The Mountain,1 Garden St,18443866691,4.5,82236.63524796830
Westlake Montessori School,Thousand Oaks,Bee Kind Child Daycare,,18057967401,5.0,4749.5494158071000
Westlake Montessori School,Thousand Oaks,Los Robles Hospital,1204 E Thousand Oaks Blvd,18053704405,2.5,1717.085423034530
Westlake Montessori School,Thousand Oaks,So Cal Pool Builders,3835R Thousand Oaks Blvd,18052798896,5.0,1662.497123490700
Westlake Montessori School,Thousand Oaks,Conejo Valley Church of Christ,2525 E Hillcrest Dr,18053711381,5.0,1017.0528528102300
Westlake Montessori School,Thousand Oaks,City of Thousand Oaks,2100 E Thousand Oaks Blvd,18054492100,3.5,870.2571488024000
Westlake Montessori School,Thousand Oaks,Camp Carden,975 Evenstar Ave,18054977005,5.0,1734.7979588843200
Westlake Montessori School,Thousand Oaks,SB Buggie,120 E Yanonali St,18057556778,5.0,82475.14036168810
Westlake Montessori School,Thousand Oaks,Malibu Mountain Bikers,,18056602715,5.0,3761.87931138756
Westlake Montessori School,Thousand Oaks,Conejo Valley YMCA,4031 N Moorpark Rd,18055237613,3.0,7798.995353694970
Arbor Academy,Thousand Oaks,The Arterie,2219 E Thousand Oaks Blvd,18053791426,4.5,1536.0441906702400
Arbor Academy,Thousand Oaks,Leap Dragon,3671 Thousand Oaks Blvd,18058641378,5.0,533.7759022522780
Arbor Academy,Thousand Oaks,Reptile Family,,18054051044,5.0,42776.97587092180
Arbor Academy,Thousand Oaks,My Gym,2701 E Thousand Oaks Blvd,18054944154,5.0,957.3388225493440
Arbor Academy,Thousand Oaks,Atmosphere Church,2382 Townsgate Rd,18053348700,5.0,1117.1414598581600
Arbor Academy,Thousand Oaks,So Cal Pool Builders,3835R Thousand Oaks Blvd,18052798896,5.0,776.174701616895
Arbor Academy,Thousand Oaks,Mommy and me Thousand Oaks with Ms. Olivia,1489 E Thousand Oaks Blvd,18052679115,5.0,2429.9094389060200
Arbor Academy,Thousand Oaks,Sail Channel Islands,3150 S Harbor Blvd,18057507828,5.0,36733.79159772490
Arbor Academy,Thousand Oaks,Enjoy The Mountain,1 Garden St,18443866691,4.5,83314.18765808090
Arbor Academy,Thousand Oaks,Today's College Solutions,660 Hampshire Rd.,18054132500,5.0,1290.1512058354700
Arbor Academy,Thousand Oaks,Bee Kind Child Daycare,,18057967401,5.0,5433.425582889590
Arbor Academy,Thousand Oaks,Conejo Valley Church of Christ,2525 E Hillcrest Dr,18053711381,5.0,993.2912030157200
Arbor Academy,Thousand Oaks,Bubblemania and Company,,13104466115,5.0,40120.238919619300
Arbor Academy,Thousand Oaks,Santa Barbara Beach Horseback Rides,,18056885984,4.5,74737.32575203220
Arbor Academy,Thousand Oaks,CastleCleaners,807 Via Colinas,18664789783,4.5,3066.5802925240600
Arbor Academy,Thousand Oaks,Malibu Mountain Bikers,,18056602715,5.0,3112.1580461845000
Arbor Academy,Thousand Oaks,SB Buggie,120 E Yanonali St,18057556778,5.0,83552.3047697124
Arbor Academy,Thousand Oaks,MD&D Pools,107 N Reino Rd,18057327480,4.5,11436.358884367700
Arbor Academy,Thousand Oaks,Conejo Valley YMCA,4031 N Moorpark Rd,18055237613,3.0,8023.531922784550
Arbor Academy,Thousand Oaks,Alexandra Keller Photography,,18059912229,5.0,5433.425582889590
Children's Learning Center Montessori,Thousand Oaks,Harmony Family Yoga,1655 E Thousand Oaks Blvd,18055583634,5.0,1655.6415028152300
Children's Learning Center Montessori,Thousand Oaks,The Arterie,2219 E Thousand Oaks Blvd,18053791426,4.5,957.7581231349140
Children's Learning Center Montessori,Thousand Oaks,Leap Dragon,3671 Thousand Oaks Blvd,18058641378,5.0,949.3239343604870
Children's Learning Center Montessori,Thousand Oaks,My Gym,2701 E Thousand Oaks Blvd,18054944154,5.0,369.9412333480580
Children's Learning Center Montessori,Thousand Oaks,Reptile Family,,18054051044,5.0,42119.48683536890
Children's Learning Center Montessori,Thousand Oaks,Atmosphere Church,2382 Townsgate Rd,18053348700,5.0,1050.2052077062900
Children's Learning Center Montessori,Thousand Oaks,Mommy and me Thousand Oaks with Ms. Olivia,1489 E Thousand Oaks Blvd,18052679115,5.0,1831.6302630857300
Children's Learning Center Montessori,Thousand Oaks,Today's College Solutions,660 Hampshire Rd.,18054132500,5.0,1166.080222179490
Children's Learning Center Montessori,Thousand Oaks,Sail Channel Islands,3150 S Harbor Blvd,18057507828,5.0,36034.865362885700
Children's Learning Center Montessori,Thousand Oaks,So Cal Pool Builders,3835R Thousand Oaks Blvd,18052798896,5.0,1249.5591663579200
Children's Learning Center Montessori,Thousand Oaks,Enjoy The Mountain,1 Garden St,18443866691,4.5,82669.97836919110
Children's Learning Center Montessori,Thousand Oaks,Bee Kind Child Daycare,,18057967401,5.0,4966.993084028900
Children's Learning Center Montessori,Thousand Oaks,Conejo Valley Church of Christ,2525 E Hillcrest Dr,18053711381,5.0,743.1992939806780
Children's Learning Center Montessori,Thousand Oaks,City of Thousand Oaks,2100 E Thousand Oaks Blvd,18054492100,3.5,1162.1770894422200
Children's Learning Center Montessori,Thousand Oaks,Malibu Mountain Bikers,,18056602715,5.0,3496.0520435407900
Children's Learning Center Montessori,Thousand Oaks,SB Buggie,120 E Yanonali St,18057556778,5.0,82908.28068216920
Children's Learning Center Montessori,Thousand Oaks,Conejo Valley YMCA,4031 N Moorpark Rd,18055237613,3.0,7812.315741436150
Children's Learning Center Montessori,Thousand Oaks,CastleCleaners,807 Via Colinas,18664789783,4.5,3642.029093117290
Children's Learning Center Montessori,Thousand Oaks,Toon Upz Caricatures,,,5.0,47719.79112562160
Children's Learning Center Montessori,Thousand Oaks,Knauer Music School - Agoura Hills,28501 Canwood St,18185150379,5.0,8813.773525498130